CE_mean,CE_std,CE_min,CE_max,CP_mean,CP_std,CP_min,CP_max,FS2_mean,FS2_std,FS2_min,FS2_max,profile_mean,profile_std,profile_min,profile_max,EPS1_mean,EPS1_std,EPS1_min,EPS1_max,FS1_mean,FS1_std,FS1_min,FS1_max,PS1_mean,PS1_std,PS1_min,PS1_max,PS2_mean,PS2_std,PS2_min,PS2_max,PS4_mean,PS4_std,PS4_min,PS4_max,PS5_mean,PS5_std,PS5_min,PS5_max,PS3_mean,PS3_std,PS3_min,PS3_max,SE_mean,SE_std,SE_min,SE_max,TS1_mean,TS1_std,TS1_min,TS1_max,TS2_mean,TS2_std,TS2_min,TS2_max,VS1_mean,VS1_std,VS1_min,VS1_max,TS3_mean,TS3_std,TS3_min,TS3_max,PS6_mean,PS6_std,PS6_min,PS6_max,TS4_mean,TS4_std,TS4_min,TS4_max,Cooler_Cond,Valve_Cond,Pump_Leak,Accumulator_Press,Stable_Flag
-0.43087132488625207,0.013963951624017036,-0.4660453483958432,-0.39757523119267557,-0.23858887616073135,0.04618873947054844,-0.34925381596292543,-0.1349408714410726,-0.2441179882982012,0.031636328182969124,-0.3389793731146111,-0.14429280528681243,-0.02227639525123446,1.0827616075644657,-1.0464653858319026,1.384123343522244,-0.5764790162694877,0.11787319175359268,-1.8955247093723517,0.25322565625900173,0.05066107565139196,0.6229136176201895,-1.3609818828289846,3.6478271438254493,-0.9414466239349655,0.2042479960306317,-2.8761190777019405,0.3303187598550438,-0.7131623679402839,0.12620083688851197,-1.4464701943008993,0.530739262634525,-0.26091727707865037,0.014979320367376862,-0.3101291675446329,-0.23685519343401326,-0.41894636389065376,0.033680448668717604,-0.49707651465512687,-0.31322877991462444,-0.6383282040433029,0.5092445107339229,-2.7138364550588188,1.9190618621386535,0.7951587049751313,0.21324516771082386,-0.19618381392611847,1.0223390202510358,0.3287711747804845,0.004184794319247959,0.3209536326707679,0.33943556665920116,0.37648385267162815,0.004721131009946551,0.36454787640068237,0.38460520935425285,-0.2253215540036888,0.3679826342510114,-0.886067305568439,0.4913565601774183,0.34942327623160013,0.005403698763725152,0.33625130512220053,0.3596100756579293,-0.41740132429756244,0.035430769036690804,-0.49954493991328963,-0.31509906526487796,0.3394600712182057,0.004673119980981522,0.3271921277802371,0.34762845154262284,20,100,0,90,1
-0.4231357991952622,0.011620926907317019,-0.44706923883063004,-0.40113837219554094,-0.219595374893564,0.045439132305142335,-0.31798461416698315,-0.14085631348693098,-0.23410079137825568,0.03138669599319648,-0.3145192605713502,-0.11749041117448157,-0.02227639525123446,1.0827616075644657,-1.0464653858319026,1.384123343522244,-0.6145437647529828,0.10581290888756816,-1.5185713178975024,0.280800746014374,0.040926999503230754,0.6618045293805142,-1.7480952347962233,3.671138416888236,-0.9108019051586729,0.22463341207529208,-2.5957169211524707,0.4001460029927332,-0.6896704095241786,0.13311556864112106,-1.7132114958754106,0.5351127698763718,-0.26091727707865037,0.014979320367376862,-0.3101291675446329,-0.23685519343401326,-0.41447313488536325,0.03402001815288413,-0.491465214962282,-0.31059083434295043,-0.6545578360236453,0.4846013254716779,-2.2166081001336586,1.871212582776851,0.8409514453033183,0.13148920088569643,0.32321752262460135,0.9676416496500905,0.31801772993462235,0.0052660046319603126,0.30349459390175565,0.3298346289327518,0.36515271400531374,0.00617161289927337,0.3534160790737935,0.3765177368939319,-0.1249521350951143,0.25054194061918666,-0.5179121252687713,0.5852995525529435,0.3298797406968845,0.005003139903723998,0.31989202710908227,0.339621725993254,-0.4143202872341743,0.03555164064462338,-0.4939080947595893,-0.30343471680436546,0.3202704246235724,0.0018538275048301286,0.3169419782504974,0.3239497631631093,20,100,0,90,1
-0.42302097827715746,0.009792085007160325,-0.4417058213031665,-0.39856940119661133,-0.28764328945259127,0.03371271444263938,-0.36703363374283376,-0.2110882169177328,-0.18492072949976712,0.03148185794738735,-0.26601231001259823,-0.07234320562854361,-0.02227639525123446,1.0827616075644657,-1.0464653858319026,1.384123343522244,-0.5650234561476336,0.10388214881865951,-1.8650106964308255,0.3157213236633175,0.06377061876164952,0.6538796972601928,-1.6413978091864259,3.6478271438254493,-0.8551079934048909,0.21978441545231694,-2.747935234707898,0.44066218669944535,-0.6044769679555468,0.16156515327531104,-2.0492723087824207,0.5349619592818254,-0.26091727707865037,0.014979320367376862,-0.3101291675446329,-0.23685519343401326,-0.383840456661615,0.034722162274659726,-0.46426264639509884,-0.28528387358255625,-0.4334810618170838,0.5135642610566578,-2.3104554583118695,2.086299529136225,0.8137745267677127,0.248434882304594,-0.36836456280103674,0.9687339083576487,0.26751351581725374,0.004603034324429163,0.2588848154489228,0.27958510234881645,0.31210518417626393,0.004551884432925973,0.3017776885636835,0.3195219964754882,0.13778290462759124,0.4041820246729244,-0.8816356311975748,0.7947139129143693,0.28378992673420406,0.004846850814308012,0.27616883583267604,0.293784898109185,-0.3815119340924322,0.03654470029496658,-0.46560457367814906,-0.2755082208141777,0.2888577027114864,0.001816185672324311,0.2846534857120801,0.29277179450232144,20,100,0,90,1
-0.4246976001731683,0.013820619613672662,-0.4504652373786336,-0.3922145422648918,-0.32025433475920656,0.04389754853948376,-0.40193166580565964,-0.21262222241757556,-0.1057959974502965,0.034562994319390514,-0.19610217383642561,0.010823418363264125,-0.02227639525123446,1.0827616075644657,-1.0464653858319026,1.384123343522244,-0.47254399877902914,0.11616870933612754,-1.8826423677754336,0.4084425462228486,0.05393683164057407,0.6235665438039215,-1.366810661397128,3.13047960416165,-0.7521868295804328,0.21852739260108278,-2.964245469760335,0.4492628531838665,-0.4796163218367337,0.1524135333679257,-1.5937696065436207,1.5406855190793205,-0.26091727707865037,0.014979320367376862,-0.3101291675446329,-0.23685519343401326,-0.3378908619142934,0.034692772475098645,-0.4237529639574885,-0.25901243414761654,-0.5019114632222644,0.5000424458954367,-2.1278424585899427,2.099153439866901,0.7990020870445093,0.14611213527004316,0.22680265678781636,0.9613621905494268,0.20778509316130508,0.003868943066402114,0.20102589036049143,0.2153617502210193,0.24768584885313397,0.005329185269760095,0.23663776736032655,0.257571935611042,-0.012887864662899677,0.3294955785683932,-0.6468216007210754,0.5265729825462556,0.21878382717466408,0.004309607002863671,0.20966272415122536,0.22516600827147432,-0.33503720480839505,0.03694465026121587,-0.4228874798878783,-0.24964290713482576,0.23573191141123578,0.003107524426422439,0.2289212087492041,0.2404170075047807,20,100,0,90,1
-0.43306936593352036,0.010846123349681965,-0.4605827324542852,-0.4082881321655682,-0.3573055982326025,0.040519821247941894,-0.47660473438450923,-0.28865784779652975,-0.10928766115349423,0.0359982737361369,-0.18507410187870782,-0.0005575440873001323,-0.02227639525123446,1.0827616075644657,-1.0464653858319026,1.384123343522244,-0.4962978499326927,0.1148102693880884,-1.833726619554784,0.36081211852186057,0.12285802817716673,0.701733075822339,-2.0867444897438,3.5017381174162505,-0.7410554806166089,0.2111349354427592,-2.4915675487197895,0.4792228384844664,-0.48216582740439223,0.12549266490674962,-1.3560943894455197,0.5323981791745357,-0.26091727707865037,0.014979320367376862,-0.3101291675446329,-0.23685519343401326,-0.33921564489284184,0.03444043399906281,-0.41876990777209117,-0.2608037028361831,-0.4915720115763822,0.5105837870575599,-2.4118375488898938,2.195717730441346,0.8117923777319882,0.19462753384716383,-0.06196542573487744,0.978768758576457,0.19684307733562367,0.0043856011487037345,0.18645136438593535,0.20478463524181176,0.23463226881013974,0.00516428095451905,0.22359098979178352,0.24432703415459794,0.30643200102705226,0.20362527253438742,-0.14355842641519903,0.8563533728762494,0.2055921640678304,0.005557276855391929,0.19224735182010916,0.2181604598554079,-0.3386716343966977,0.03665121209416656,-0.42689853743354605,-0.253110041148175,0.22851939526135207,0.0018177085740423045,0.22451308739624962,0.23222377864977276,20,100,0,90,1
-0.45001944759804263,0.01279529404438332,-0.4764637429751224,-0.42768593805940647,-0.40804312516508,0.03635251994963858,-0.48326501668766253,-0.3401081348956242,-0.11535051859041998,0.03580083942680961,-0.1915953878935193,-0.02449399768182618,-0.02227639525123446,1.0827616075644657,-1.0464653858319026,1.384123343522244,-0.49634577900932775,0.10569416516195722,-1.7872936052567172,0.3904733850113414,0.027511295240494713,0.6635159802599764,-1.2792364140424546,3.363821187224626,-0.6949109227743941,0.20279716340562737,-2.363383705725747,0.46948564590495157,-0.43509405521871725,0.1266721897337286,-1.6028586611072035,0.5361684440381969,-0.26091727707865037,0.014979320367376862,-0.3101291675446329,-0.23685519343401326,-0.3378254633877492,0.03395063993477689,-0.4117630886923554,-0.2611667149477895,-0.45306065544213425,0.5356592379087001,-2.121211435851039,1.7419102378740312,0.8105946581708545,0.11181887892907652,0.4086725437451792,0.9378905514856541,0.17679701226516292,0.005054241449838823,0.16645429393678476,0.18660563937386718,0.21221334552828675,0.008055764739206791,0.19792522791457343,0.22548155343273593,-0.12102300234991775,0.3095199562695251,-0.7217141055281782,0.5546523228358199,0.18143268132649032,0.003395015663484506,0.1743927285564591,0.1882458846695309,-0.33677883618864407,0.036362498482344,-0.41898255070456625,-0.24637981249104318,0.21304818710818335,0.003760196246416081,0.20819446800318195,0.22343678066342726,20,100,0,90,1
-0.4244268721444054,0.01802890363309206,-0.4561533972507858,-0.3890191675045286,-0.344346829178449,0.0538422014718952,-0.46147814935005566,-0.23312905467110975,-0.07843758183739029,0.03062625685113033,-0.14963468521345843,0.030737911198634622,-0.02227639525123446,1.0827616075644657,-1.0464653858319026,1.384123343522244,-0.4473573794266623,0.10397291995728147,-1.5769499015270394,0.4517463166565146,0.0975730084193047,0.6682510854818645,-1.761234445422121,3.574758602024501,-0.6606649421086396,0.19073014673258104,-1.6535738357443175,0.48368686374720615,-0.39184020298179056,0.13992392784244448,-1.741769091329157,0.8951491550749151,-0.26091727707865037,0.014979320367376862,-0.3101291675446329,-0.23685519343401326,-0.2900424360363906,0.034270105197662555,-0.37151111101797246,-0.21488304724252605,-0.46227792672225365,0.5048010439570129,-2.2472046881377445,2.3156164532852923,0.8340229208537415,0.09771951115494555,0.5202251731268758,0.9894670341459997,0.16355281380798442,0.004107988899654475,0.15594489769524608,0.17051082411727675,0.19452363257905328,0.005416873850537026,0.1841394497251967,0.20325204020869003,0.2814379786833461,0.24281807608831088,-0.19165687966867212,1.1071836566792048,0.16719557634664728,0.004672355428030465,0.157990220610704,0.17979340919447234,-0.29057719760752204,0.03647636720971249,-0.3765186807208408,-0.20423227637443744,0.19238932465248845,0.004192004661714756,0.18643529165407413,0.20087671432052762,20,100,0,90,1
-0.4334690223227697,0.015399636045914482,-0.4584971845957,-0.3968433339455606,-0.3518265152021468,0.05662852083626645,-0.45791481665375006,-0.23242432498197618,-0.08298729921979113,0.03190294990712735,-0.16362793967822137,0.003109434377320181,-0.02227639525123446,1.0827616075644657,-1.0464653858319026,1.384123343522244,-0.51721675105668,0.09766755096584802,-1.645607001996976,0.3767506796751335,0.06420594284261191,0.6483429872898667,-2.03495601213916,3.74263245153112,-0.6499528910130506,0.20104502848914627,-1.621687634381768,0.5141334285890874,-0.3744974907974704,0.16605568150564703,-1.0936690219078433,1.3243907870682157,-0.26091727707865037,0.014979320367376862,-0.3101291675446329,-0.23685519343401326,-0.3033844031459516,0.03627441953023185,-0.39269101321292293,-0.21891864998888907,-0.4434986369783905,0.49970426698903403,-2.5260302942293573,1.6020559475161908,0.8693861662962079,0.2832517452320212,-0.39695546206070936,1.0464711578362789,0.15057249342179063,0.0037079495668705027,0.14082673447524693,0.15949063248937062,0.17940355438918903,0.005036043548569943,0.16999315024107517,0.1892335872603247,0.16287918172906105,0.23922764893797782,-0.24058310484312256,0.7073948208017498,0.15806468900871093,0.005946450331766338,0.14939967479063926,0.1715083965805754,-0.303506282203679,0.03777078888546195,-0.4011765666778011,-0.20684350252850692,0.18523719740192518,0.002896065768525838,0.1795443757635065,0.19028099205831067,20,100,0,90,1
-0.42481530442991944,0.01287332942587345,-0.44814133954680946,-0.3919662239829892,-0.3332835498589545,0.04319342982552804,-0.42942698339949403,-0.2248282642409318,-0.09514430362136049,0.035475438241968374,-0.18587050812316763,0.037500143485015,-0.02227639525123446,1.0827616075644657,-1.0464653858319026,1.384123343522244,-0.42952425680937084,0.09954686073041441,-1.5839814988582124,0.4223457465815962,0.08132240585498472,0.6361972097385857,-1.5220333623315587,3.1573582263455906,-0.6561527558027632,0.18532397569307557,-1.6397338001396877,0.5260162028409723,-0.3827542156583642,0.12449988975321598,-1.0125431633399289,0.6087699765863284,-0.26091727707865037,0.014979320367376862,-0.3101291675446329,-0.23685519343401326,-0.2821594947311491,0.034284111473410206,-0.36017414238700163,-0.20770171942315313,-0.5212832764404731,0.5070178977682825,-2.8985048549460144,1.7428125057694577,0.7928422951421413,0.18749785206047004,-0.013202058664213128,0.9639088973763446,0.14762549007051137,0.002864408899015113,0.14058032979519258,0.15757206762983392,0.1696458596950003,0.004875751638070037,0.16005957234052617,0.17818621338413249,-0.029917114217779192,0.3141537411286549,-0.7537895055738487,0.6128087148202942,0.15374284400129173,0.005057424372901157,0.14386264009913877,0.16802160166977242,-0.2814850675874226,0.036368086161519285,-0.3686189093677113,-0.20247324656496124,0.17866793169586878,0.0026961726920225705,0.1699701148731448,0.18674820621294483,20,100,0,90,1
-0.4249276217669579,0.015875152651724133,-0.4482011680847303,-0.3791097166415605,-0.34352800789574706,0.04691399602953449,-0.41168719106245405,-0.20629334347353429,-0.0924524935528206,0.033184749682689293,-0.17110494305887414,-0.0030588379465680297,-0.02227639525123446,1.0827616075644657,-1.0464653858319026,1.384123343522244,-0.39940593427129123,0.11137818119188794,-1.554721974560123,0.5622918041740561,0.08045236506667029,0.6547635273567611,-1.678190944196078,3.7253085554031746,-0.6427524473193933,0.20380802101393172,-2.6838433132108652,0.5052213479001865,-0.3725750050574623,0.14051814772500532,-1.3597297226268619,0.7443444534449488,-0.2507387369459703,0.09708009467659952,-0.3101291675446329,1.6758547453297383,-0.27434686155033244,0.03449573291584208,-0.35936637820676864,-0.20002234860950718,-0.518169808194387,0.5122291624478293,-2.8289399100375094,1.8691853798131146,0.7997118996195511,0.0968512909972869,0.5052205726275701,0.9790609839756494,0.1482180636924096,0.003777719855342356,0.13826316678661735,0.15847159025016347,0.16745241720574935,0.0053320734659500005,0.1575129194750173,0.17865344493615906,-0.08165524980932709,0.3145318255412559,-0.8816356311975748,0.4129392805474335,0.14999064806763943,0.005305572721800229,0.1429202447433114,0.16528647251914827,-0.2737679041553622,0.03692232149389407,-0.3728519624588219,-0.18818347944723485,0.17587033929615176,0.004452439030851198,0.16555653668862608,0.18211784117861687,20,100,0,90,1
-0.4296317572850307,0.012792269618786102,-0.4498157948125883,-0.3935784730330481,-0.3556671371098224,0.0381798368310557,-0.41903229401533976,-0.2602781844127436,-0.08539497670644901,0.03423821127487936,-0.17214583303841793,0.045644397529222204,-0.02227639525123446,1.0827616075644657,-1.0464653858319026,1.384123343522244,-0.3534679885687238,0.1058658613275286,-1.661938348753941,0.49847222708715266,0.1221651068630367,0.6830955396441859,-2.984201338601632,3.8409866869566116,-0.6398324822281365,0.200773178283268,-2.796004175830667,0.4933385736483015,-0.3794420084489597,0.13251407599735415,-1.4362092510624993,0.532096557985443,-0.26091727707865037,0.014979320367376862,-0.3101291675446329,-0.23685519343401326,-0.2667215436653884,0.035066031498822106,-0.3555540716366455,-0.1658485731623795,-0.512708036916176,0.4957874694620478,-2.387864399603528,1.7070848632926314,0.6961228718633831,0.23894817178624275,-0.33421432201864937,0.8540268020328887,0.14904332169961093,0.004096631444751105,0.14141583278634387,0.15947358419255153,0.16696401688072987,0.0048420837427331125,0.15832258300833948,0.17606390987555368,0.02303872260654152,0.20754058575132878,-0.44130012308372274,0.5262688389558913,0.14843110238167379,0.00478848403038787,0.13556936829719618,0.1592411105843926,-0.2667512923962709,0.037234835881918546,-0.3543651624623999,-0.1740617126607056,0.17624621310377553,0.0035351002786394594,0.1679478753460033,0.181889201684177,20,100,0,90,1
-0.43007173048296526,0.01101279683036968,-0.4481259445633485,-0.40258380271230565,-0.3868387700884951,0.03910731630795371,-0.45069527344340143,-0.25985344981562297,-0.07112879957988578,0.030006754629644784,-0.1604990394614377,0.02360517595738963,-0.02227639525123446,1.0827616075644657,-1.0464653858319026,1.384123343522244,-0.36317129612640237,0.10299655926342184,-1.3482842516733007,0.5019954446881836,0.1001700535045986,0.6371865818813535,-1.6715485236325602,3.8409866869566116,-0.6490699975635783,0.19785861277794448,-1.558526054229058,0.4992026357244737,-0.3075514345915187,0.5522418344155794,-1.5534999792880209,10.965720388872269,-0.26091727707865037,0.014979320367376862,-0.3101291675446329,-0.23685519343401326,-0.2686763462664917,0.03406257705730902,-0.34560057143705936,-0.182230551321331,-0.5489136625983124,0.5080382595432718,-3.338420643793084,2.0217246475158475,0.743296439267504,0.21316589806444747,-0.19856638886442463,0.9477135434481052,0.14669901262709922,0.005048989663793947,0.13413426894195105,0.15912070898236472,0.16207836948507254,0.005637902044599232,0.1501310965016502,0.17343908301031377,0.28224524662251915,0.257315302494403,-0.31400073414928,0.9324754408019588,0.14147614128159217,0.004383384802779056,0.13361460506219133,0.1535441160777804,-0.2688724815406629,0.036297955602842595,-0.35243797169679497,-0.1783517595377396,0.175409540074317,0.0036334487276122617,0.16569841156646972,0.1805818766084953,20,100,0,90,1
-0.4188243942225613,0.016123331071758562,-0.44347445817521697,-0.3720634396869169,-0.35258810344019953,0.05174837694964038,-0.45700489253888665,-0.22166589385575028,-0.10906719371948363,0.03728155051078744,-0.19845612108725574,-0.0034941771575610304,-0.02227639525123446,1.0827616075644657,-1.0464653858319026,1.384123343522244,-0.47672545621250334,0.11175278591608104,-1.5347603175400102,0.4712843813792864,0.023234005649821855,0.6312636095191968,-1.5946673065872037,3.9085876845882277,-0.6617994868353653,0.18541566935006587,-1.597626080037881,0.5527524449077007,-0.3133041669802423,0.393941671507408,-1.1903849642909492,5.790350663077293,-0.26091727707865037,0.014979320367376862,-0.3101291675446329,-0.23685519343401326,-0.31321785880474834,0.03660794123031045,-0.40526131261123916,-0.2278880971316633,-0.5702768181137257,0.5240945310058022,-2.311436673900434,1.7926887769631108,0.8080417047149555,0.10383029216152768,0.5438439619117416,0.9709077278545682,0.1446574248021472,0.004687509356411039,0.1346349110036157,0.15547218523616596,0.15931561634919367,0.0054509113924757465,0.14779936896786613,0.16876217546733663,-0.06748003512489549,0.3076056116220261,-0.7255229149140774,0.816504825910351,0.13974294663171122,0.005194744948417187,0.12933831224647158,0.15041788449952243,-0.3146833408859119,0.03806159492526601,-0.4063422406597622,-0.22068275763764914,0.1663426367587255,0.002966685977774447,0.15723795800770293,0.17164186573978196,20,100,0,90,1
-0.4191859572110434,0.01125072314004877,-0.4434308827932863,-0.39532799460632856,-0.3369222937104704,0.03506051765676099,-0.4340478338939855,-0.27490344147307244,-0.0717449638137121,0.03112351532284751,-0.1543349276998294,0.041354165899274244,-0.02227639525123446,1.0827616075644657,-1.0464653858319026,1.384123343522244,-0.4931491570791159,0.09892324919700002,-1.7424045673463395,0.3846977344052605,0.09054732840983043,0.6503760511339436,-2.0113476214302684,3.611356002765689,-0.6201801728162533,0.17796901964464146,-1.5164183341272426,0.5070398165599335,-0.3480384653538949,0.1169967095201334,-1.25266970728219,0.6164965316118067,-0.26091727707865037,0.014979320367376862,-0.3101291675446329,-0.23685519343401326,-0.2796307597395874,0.03457762725563855,-0.3514302858285707,-0.20493716191941225,-0.5386193029198758,0.49044147072872285,-2.3868464556986835,2.698600984521492,0.8963098533231272,0.19027493779791196,0.04413857818435219,1.0399262403763547,0.12525966914545333,0.004166158597189655,0.11535247200752824,0.13301275334501847,0.13990617668940872,0.00501245729842172,0.13012385421418718,0.14982424891281024,0.5836112618452058,0.24877347326589003,0.09181310208513656,1.4428432450532376,0.1303897781258262,0.003798467718757278,0.12289768215873566,0.13802073494687792,-0.2843343053435605,0.03664663230094138,-0.3651589427983451,-0.19688344608812666,0.1574096365946767,0.0016022139968657713,0.15325644107439804,0.1611560040698255,20,100,0,90,1
-0.2854970887833351,0.019694723665267696,-0.32048614024970135,-0.2426269421857947,-0.17961335039636503,0.05339059590250551,-0.2903308296928444,-0.0717824414138866,0.04534185327843032,0.027736353177925877,-0.03331924521879277,0.1508494430751285,0.2819366799971961,0.9252953411888527,-0.8190908269171597,1.384123343522244,-0.34525449979210004,0.07699085578867901,-1.3157358376353137,0.34113683548372636,0.22075205859459127,0.6577121975242257,-1.3571205850411583,2.94029125718569,-0.4408224379683699,0.1535961043294117,-0.9951039489903797,0.3935707667295962,-0.15530063033756464,0.15320538053995003,-1.2316345499871084,0.7586672929023262,-0.26091727707865037,0.014979320367376862,-0.3101291675446329,-0.23685519343401326,-0.14399120766134033,0.03797670092996575,-0.2308611088498007,-0.0522457332401569,-0.33275058022776655,0.46589028758024703,-1.9676018324408402,1.2350516029384901,0.9398075820040884,0.2505474978584527,0.04422197955597883,1.2540101318561676,-0.0015544980145874624,0.006511048459405445,-0.012261024262556628,0.012639732939691598,0.0032731771269723623,0.005522625031964234,-0.010145917351173187,0.015274248040267023,0.37929596935766896,0.2948037666483072,-0.10032871181682497,1.013047115722463,-0.0033797410542884612,0.004515170682883693,-0.01050623615557808,0.00821501214456915,-0.14760327385632732,0.03875148560150005,-0.2380714719210741,-0.050703576655890814,0.019208504384694455,0.004687197101011988,0.01130123951869092,0.027850792314220243,20,100,0,115,1
-0.298073395188242,0.018209361344508405,-0.335048684123842,-0.2608940746455462,-0.22465761301400142,0.05260275362896225,-0.3159550903229503,-0.10259156822363752,0.0525716222957636,0.028197862689337157,-0.044869564828460336,0.1451694442439634,0.2819366799971961,0.9252953411888527,-0.8190908269171597,1.384123343522244,-0.326301008057686,0.07750136267717275,-1.3422851250924743,0.32702808638213277,0.20187966480801336,0.6360499612091587,-1.3075190518119224,3.1435448528989554,-0.42551327615327866,0.15656813931367147,-1.004343575584195,0.3598183265353538,-0.12886624608883643,0.12170155411201884,-1.0210460189084283,0.92077459119865,-0.26091727707865037,0.014979320367376862,-0.3101291675446329,-0.23685519343401326,-0.14508597580925864,0.0376126430130891,-0.24318075925509033,-0.06108412365426067,-0.3366969892614196,0.4846891805996223,-1.985136537813978,2.7054638415966012,0.8835844796953847,0.28655535672454646,-0.06253096503444262,1.2549665782221002,-0.007442096911134955,0.0056515308048322044,-0.017681586035991917,0.0033472674739371154,-0.0046462109769482875,0.005555452206788087,-0.021843294063675564,0.005199947905794048,0.3246984760315763,0.2718301656407489,-0.2575410979287825,0.8252318384778456,-0.005371857027899008,0.006479396184267258,-0.01680253416404795,0.008699232598436808,-0.1483469609812435,0.03873739649841564,-0.2496786834451276,-0.05898515836632793,0.022933475904089614,0.0017193265635478715,0.015224250898673932,0.02584758339768427,20,100,0,115,1
-0.31914041591392517,0.016691190863006945,-0.34255732657874516,-0.27325150592797787,-0.24952650384606687,0.05313389175281418,-0.3414025977860093,-0.1229280732281803,0.09323730820600463,0.02885589961055123,0.022484556549718492,0.2059169733345678,0.35013846300561124,0.9740315086082226,-0.7221513096637795,1.6281927413109392,0.11748707548170269,0.11327522228777913,-1.0621734244734269,0.54699953981634,-1.7018455080817683,1.1139027082924808,-3.8719874326989436,3.152591333150412,-0.8513198047861015,0.1469423945765134,-1.6822949562338312,0.3268670303634114,-0.40757675792307113,0.15816181977182459,-1.5342415086513017,1.7678407753047383,-0.26091727707865037,0.014979320367376862,-0.3101291675446329,-0.23685519343401326,-0.07091611556293292,0.035996566436535836,-0.15620102859277793,0.016699165573819747,-1.0524822070245552,0.4831280817706336,-3.238947870921184,1.9342833756070097,-1.4629457954933767,0.421728710519945,-2.2374377301692623,0.21012463221967445,-0.0731256727050962,0.003868276446599078,-0.08197032314243136,-0.06448564306634363,-0.07882124146978668,0.003820552098280531,-0.08709675504041252,-0.07206645288121392,0.6512473835008942,0.39264048424380077,-0.07705360746564163,1.6070492103713174,-0.07912443786063436,0.005681184338798202,-0.0904893347824275,-0.06823163071907075,-0.07516186635859229,0.038683193730234024,-0.16001605085946413,0.019739613995490776,-0.03984897710576098,0.0035817350777707416,-0.04749460624016333,-0.0354735138690626,20,100,2,115,0
-0.3079281816420999,0.013879781033122724,-0.3402641920543712,-0.2844663868844422,-0.18674366757822589,0.039547689180001754,-0.27229797256530885,-0.09356754282577837,0.10370974509995834,0.028474285052282732,0.026942036744117576,0.19724959795969602,0.2819366799971961,0.9252953411888527,-0.8190908269171597,1.384123343522244,-0.21933852928390923,0.09515718361582234,-1.099331056762517,0.46428240425392475,0.2704033988832361,0.6887984689969082,-1.4974917375920391,3.6087455956058134,-0.26245854815678415,0.18457215087886705,-1.2870804339007975,0.5190286193520863,0.028784783212590214,0.1802387629401229,-1.6746014896030663,0.8685443426907945,-0.26091727707865037,0.014979320367376862,-0.3101291675446329,-0.23685519343401326,-0.03352676623363505,0.03655274767058221,-0.13033977203116437,0.0548135137257597,-0.30125885167033667,0.47764362923406634,-2.586138354320816,2.5185301417891157,0.9007857766497432,0.3701229880103225,-0.4524179282035321,1.3780628669773038,-0.11910651117011238,0.004327076938516321,-0.12810166449483595,-0.11047877430600557,-0.10982201838429576,0.00427640152739051,-0.1201576455156814,-0.09882466845752849,0.7602808537289095,0.2990151836396339,0.12167231825028735,1.59573725564824,-0.12538104390470178,0.004786163276545981,-0.13235902924037604,-0.11300576975947534,-0.0365132930101958,0.03990081886583622,-0.13726500463304261,0.0656470828206632,-0.08915527973372356,0.0017521495102965244,-0.0919152794123111,-0.0855845511933201,20,100,0,115,1
-0.32838157228094833,0.016731704254641534,-0.3620542233668927,-0.29772107792550506,-0.1415484798954445,0.05018624438500923,-0.25804784361496785,-0.03555880491277398,0.1002976132824585,0.028994442756939482,0.014540609508577914,0.20021135283552982,-0.13931825064000858,0.7633453577020927,-0.8190908269171597,0.8712127882250845,-0.192555134372687,0.08396548195013478,-1.0555550858854832,0.38053088720214484,0.22470032061814105,0.6963321324225765,-1.5305718652545566,3.0067658166623876,-0.2576671194164249,0.16621273875393935,-0.8922638175397126,0.583113207405384,0.026566862603285894,0.17945683001228063,-1.647158418236757,0.7889885552756464,-0.26091727707865037,0.014979320367376862,-0.3101291675446329,-0.23685519343401326,-0.036221801139655875,0.03627351925087154,-0.12666231194862676,0.05176867910997639,-0.3381029910540891,0.4737504543531068,-2.525224909726409,1.753092922838239,0.8568895543713477,0.32305745206329517,-0.3124410841677822,1.5967832463137992,-0.10298645539343247,0.004144291472577133,-0.11580316531481209,-0.09418581649191152,-0.0954810908756092,0.006136540065045213,-0.1067848941220353,-0.0851192575016717,0.4558324935459048,0.29092031324579704,0.05524753528159396,1.1504713616842535,-0.11503974962952382,0.005657173633649807,-0.1255735096685935,-0.10178161327451593,-0.0395920475085038,0.039594989639043586,-0.13198241985400158,0.05553684244200761,-0.08616712707120183,0.005138200526184378,-0.09290115364858148,-0.07570418485693611,20,100,0,115,0
-0.32606868696618435,0.011323870865918238,-0.3577718044952419,-0.30396588921501366,-0.13676084930330296,0.04377468856168098,-0.23251714017980551,-0.02965119383984763,0.11193148195418215,0.03019160486359551,0.023336990971536083,0.2213604423431428,-0.13931825064000858,0.7633453577020927,-0.8190908269171597,0.8712127882250845,-0.16071852356609775,0.08664756504041612,-1.0156559632993976,0.5778898268097857,0.31806659956842653,0.6728330660133969,-1.8335001038645569,3.5126366230194175,-0.26262025873613554,0.15946870647847144,-0.7508808374467728,0.6461138625300424,0.11809825481665748,0.44522184029686274,-0.5884843367233314,4.652215368926371,-0.26091727707865037,0.014979320367376862,-0.3101291675446329,-0.23685519343401326,-0.03212243198497561,0.03591069328527372,-0.1177117003396798,0.05376538224508729,-0.41946926447335325,0.4793093082846535,-1.9075141339716029,1.882955562443662,0.9012505859104849,0.2563514182060713,-0.10582248173470642,1.2246804125764694,-0.11291547899043777,0.004005068930915633,-0.12230046544652852,-0.10412470341968053,-0.10305999141874153,0.004395172600729356,-0.11458203219519844,-0.09353768954589868,0.316263381044198,0.23285550879152347,-0.17551089173266496,1.0217168047100178,-0.11457143228903438,0.00601768164646325,-0.12689837600217102,-0.09872011169978387,-0.033275558442618515,0.03949899414153995,-0.12345943398623112,0.06612002857941927,-0.08645326819647556,0.003287919171215902,-0.09132367412763216,-0.07831101639285108,20,100,0,115,0
-0.31269069747408956,0.014721740183483266,-0.33415600626065,-0.27770346561623444,-0.1385957268457881,0.04716923315645861,-0.22406080542072457,-0.045225529366377526,0.10235119878972958,0.02862666814161683,0.023251667131825995,0.20115267684597668,-0.13931825064000858,0.7633453577020927,-0.8190908269171597,0.8712127882250845,-0.14671767139364256,0.09003390307142835,-1.058682367439076,0.3994280134154691,0.2375248978157149,0.6868864648546029,-1.8167207551297164,3.4194416050560257,-0.24613694601215053,0.16342975788799058,-1.0095565875862664,0.49604369598615583,0.05624582110099159,0.1554408507795415,-1.7068597069989249,1.147649887616055,-0.26091727707865037,0.014979320367376862,-0.3101291675446329,-0.23685519343401326,-0.029264501646333242,0.03651231963994409,-0.10664163163727187,0.05595340808154691,-0.30239816227580113,0.4914644645089863,-2.0655975174426655,1.753485125668828,0.8665479049035203,0.32596102952511347,-0.24897965627762106,1.6263271755487954,-0.1122238385780615,0.003828041881151864,-0.12017127855950561,-0.10419276006488035,-0.10422024861764381,0.004438668266051033,-0.11300769323098198,-0.09570670653528494,0.29207978223049924,0.25240309955464824,-0.14116514967537522,1.154026573247211,-0.11874796619192764,0.004764207852577016,-0.1277353604023418,-0.10802273092494379,-0.029314030254094077,0.04007895610388736,-0.11636722833873134,0.06616790623955057,-0.09005605748995897,0.003282381288988238,-0.09758734750437056,-0.0849844920794408,20,100,0,115,0
-0.3183752749957748,0.01308584232310307,-0.34609836653125425,-0.29420789946285875,-0.14665070097456084,0.04407734745765725,-0.23878747748119566,-0.07595203551943243,0.1050648641097287,0.028573073200656326,0.03719618833948708,0.20490297230136204,0.09940883484813776,0.9668699459995338,-0.8190908269171597,1.384123343522244,-0.10673728369396963,0.09831531449788034,-1.184444736106006,0.5766934526543338,0.23525787841324952,0.6309961241254478,-1.465640632722345,2.550642035074858,-0.2425942490992658,0.1797619604063513,-0.8172657223119599,0.7661677378946941,0.03822745766469848,0.16523929464639092,-1.4584278723437187,1.0062145577611823,-0.26091727707865037,0.014979320367376862,-0.3101291675446329,-0.23685519343401326,-0.022649245606192143,0.03709238003534384,-0.11830465834938658,0.06449705002221216,-0.36478779012901785,0.45058679440071187,-1.9553538869255676,1.4328264633275394,0.7991763674470167,0.1180828901220301,0.4918956181609764,1.055920201935257,-0.11872560412657022,0.0058564217435689144,-0.1346306819127002,-0.10849691687487457,-0.10804447840494921,0.005737235724768441,-0.12573935942994222,-0.0958604793041127,0.15137595049651023,0.23358833769691273,-0.3706698622470517,0.7386339070480564,-0.11868492378039619,0.007011620030935402,-0.13113321654493212,-0.10676977790801732,-0.022376857142478866,0.04062951986442775,-0.11865711240520474,0.07809030442908942,-0.08840704430538733,0.0016216383709290654,-0.09243318790913335,-0.08458877419695418,20,100,0,100,1
-0.3162820143607046,0.012558670203551324,-0.3468533718610558,-0.2869067821141931,-0.09728371401513064,0.039210192108069156,-0.21009887499743715,0.015134476105118469,0.12919810126340003,0.02875981601653065,0.046538192131308595,0.22027677461310544,0.09940883484813776,0.9668699459995338,-0.8190908269171597,1.384123343522244,-0.08693524111973001,0.09915299836447392,-1.282884758851148,0.5424659926580778,0.22773281032751902,0.6909992392381138,-1.4501216791736544,3.6653059816533173,-0.23546872509415373,0.18047771156573436,-1.0330151415955773,0.5736211550572469,0.0595448099605814,0.16176561701504835,-1.1266858563399824,1.0757476299507538,-0.26091727707865037,0.014979320367376862,-0.3101291675446329,-0.23685519343401326,-0.008306954889612604,0.036374636520654376,-0.09116098888022996,0.0790499424820833,-0.33341890120563794,0.46501334151449875,-1.8493326338023062,1.943389509145555,0.7474160801210089,0.18284277443124639,-0.002401052277226012,0.942150807337726,-0.125011553478355,0.0051260716114710165,-0.13744684432065102,-0.11331227622319931,-0.11558085504265689,0.004355807061357611,-0.12412101891038912,-0.1077733535265832,0.25334243288635505,0.20214649949869457,-0.17010483063586979,0.7110459908685401,-0.1233742032514997,0.005089932581611701,-0.1315465309421649,-0.1090008469893672,-0.009399325578198702,0.04031523662466006,-0.1073538014315409,0.08775782208677686,-0.0990959651861817,0.0018956310533120887,-0.10300636457035847,-0.09515365566086972,20,100,0,100,1
-0.3188658185644944,0.008357606727072248,-0.3464628363710365,-0.3038091112248259,-0.1392691098445212,0.027468488364256853,-0.23120991187760553,-0.06594247957851258,0.14493751236451732,0.029554311225096472,0.07419618671111128,0.23515043144778244,0.09940883484813776,0.9668699459995338,-0.8190908269171597,1.384123343522244,-0.12117975954016756,0.11153527827247689,-1.473165849336416,0.5051844542740977,0.2191114850719331,0.632196184004593,-1.1935325191421713,2.774581054119203,-0.22691399858150976,0.1691323030170463,-1.46829522543946,0.5342234036281659,0.06272117207522915,0.1959622056943897,-1.8647793056237196,0.6330090124707011,-0.26091727707865037,0.014979320367376862,-0.3101291675446329,-0.23685519343401326,0.0007569256011891454,0.036751149805859085,-0.07819132517155919,0.09238266217541417,-0.3911971295842691,0.4747807076256826,-2.060966192601194,1.4621531907324488,0.8317844575708266,0.14802295653415196,0.3910460622114966,1.2446386704321641,-0.12729937106878944,0.004616882791306,-0.13795231403865835,-0.11846124109204287,-0.12153481642368007,0.004737410035880545,-0.13027853356691288,-0.11307736004974143,0.28432645388289396,0.2863419381396491,-0.2886701864538104,1.0909345468881173,-0.13140716339006456,0.0038676318936087897,-0.1418096365974642,-0.12463902615820661,0.0016867879924501053,0.04106395065042907,-0.09473776910922325,0.10091422590306219,-0.10035475025073182,0.0028669411456683763,-0.1113807499166327,-0.09480025695496705,20,100,0,100,1
-0.35238887837389005,0.014077966080715296,-0.38112109595041355,-0.32594412378330084,-0.24908791772298422,0.03967774264547263,-0.31948876696746464,-0.1756598058566196,0.17926652701410722,0.028756375449895087,0.08549251609258601,0.2746039330889513,0.1676106178565529,1.028846545910798,-0.7221513096637795,1.6281927413109392,0.1996635578913901,0.16125298167350588,-0.7523095262866405,0.7228178871854827,-1.6470179533742928,0.9981489180665151,-3.5846325132498507,2.9974788694441994,-0.6854997036941162,0.11969240150085027,-1.9293409730616011,0.34255369068902525,-0.22625870560263664,0.17052386180891765,-0.6702534438197103,1.4430277961382563,-0.26091727707865037,0.014979320367376862,-0.3101291675446329,-0.23685519343401326,0.02472321042918923,0.03610944855279895,-0.05343212132655525,0.11368780027349902,-0.8423328373086303,0.4564459840093917,-3.5802912535718603,3.0714473164622027,-1.3483476526810994,0.335926085053284,-1.6079303876468625,0.16803247497626733,-0.16141333923492304,0.004220148634402257,-0.1701266501713353,-0.15213128250764868,-0.16872044080112175,0.004477029562346726,-0.17759023889568112,-0.15733342728966632,0.5392329329569179,0.20086254469157658,0.16741304614389516,1.1882649443507995,-0.16819699389829973,0.004633645117907448,-0.17564555016215003,-0.1584929877028848,0.022135130588383907,0.04022564035523558,-0.06515166989815645,0.1305791990938113,-0.11843522608206444,0.00277838444257323,-0.12335156854305479,-0.10960397711888463,20,100,2,100,0
-0.3437619192368821,0.016226285626689894,-0.3774112161293695,-0.3013530759406494,-0.25737753505293665,0.04452834252602705,-0.36275708510583826,-0.15298554310055823,0.20260032546106826,0.028428355800693122,0.1300270854117671,0.30789395880667414,-0.26435206626024443,0.4424407263269722,-0.7221513096637795,0.40455095719688977,0.09602503282917148,0.08356770450707286,-0.7718251367042333,1.2230051993234399,-0.9729178737015761,0.9097108523211601,-2.8269607577139437,3.6292604201148926,-0.4944922954612419,0.12088527216358061,-1.0779099837237816,1.0449518886627722,-0.09614251253208674,0.24061943871458616,-1.9643321734811316,2.6016498192558526,-0.26091727707865037,0.014979320367376862,-0.3101291675446329,-0.23685519343401326,0.05309905527285473,0.03530489925428503,-0.02631472149310484,0.13017585395291173,-0.7605815935185152,0.5104576010940598,-2.9302218836132092,1.9861698872058733,-0.6194348093883331,0.2526515422913086,-0.8973685086747492,0.4579124258035036,-0.16682905025284375,0.0041445021381639946,-0.17553962598704456,-0.15658385517948975,-0.17063294861391995,0.005030074933815796,-0.1850291858181131,-0.15882596663467963,0.7016035523387402,0.3255745349123042,-0.014687493437885644,1.5136852409671517,-0.18386202958664927,0.004070066087065979,-0.1909498413107148,-0.17104407831390045,0.0503765950829388,0.03939004924619842,-0.037036541930811726,0.1373308436751872,-0.13052558553040025,0.003424031254987511,-0.13895643048120218,-0.12456505196380356,20,90,1,100,0
-0.3355847434495716,0.01710329531119449,-0.3667173024588405,-0.29963008804064617,-0.21717667095938412,0.05350756111057299,-0.3329539172739101,-0.104087093044897,0.1895992603035224,0.03096090682506862,0.10685902536198706,0.2804138295248668,-0.26435206626024443,0.4424407263269722,-0.7221513096637795,0.40455095719688977,0.06956803426089936,0.07911969939588485,-0.7824253573261547,1.1123875746892753,-0.9842696436263596,0.8797863810438868,-2.8057457081351376,3.497893019004957,-0.48218101945473607,0.12154863397141744,-1.0569237467100758,0.9517404845168469,-0.07190332574234809,0.1998067143665028,-1.9059412276235987,2.3033441866853295,-0.26091727707865037,0.014979320367376862,-0.3101291675446329,-0.23685519343401326,0.03556183291502116,0.03672242932037062,-0.048534657228643294,0.1293534819638504,-0.6376604979654789,0.5159703632349089,-2.4131107477009377,1.8093375126655142,-0.5842704761112865,0.2506484404723247,-1.0346222945767185,0.5351078538046206,-0.16723483072122866,0.003794969573181301,-0.17561868652685833,-0.15586635001048008,-0.16955438494235747,0.004641690575472375,-0.17759023889568112,-0.16094996036644407,0.5968293570024138,0.18384126569413395,0.24248906049357224,1.03502280398771,-0.18175688631033954,0.005108950174832197,-0.192702440720618,-0.17048133461864837,0.031735039937355054,0.04082607268502147,-0.07151122357777766,0.12460805515379098,-0.13387770430923182,0.004125493203872852,-0.1404060669104633,-0.12748815771886973,20,90,1,100,0
-0.32882972364002605,0.011721232498225674,-0.36199698619311066,-0.30393699039085414,-0.16143555520944738,0.03485693024748971,-0.22320652542661892,-0.0824782950041608,0.17961007601775336,0.03059125986925967,0.08059989291176335,0.29480259315651447,-0.5090804230830543,0.2931975357459825,-0.8190908269171597,-0.06495884824485265,-0.19944560422680274,0.08321290027307326,-0.9452136750861013,0.8840602232797714,0.25757810041465246,0.6626000473953726,-1.153246141300059,3.363821187224626,-0.18263442629992574,0.16682396164818422,-0.5321129462316321,1.0659506318084906,0.14067526587299914,0.21600645968341384,-1.9000768957723448,2.5337522358808875,-0.26074876095730043,0.01668612906880578,-0.3101291675446329,0.1685404077673941,-0.016256588722951267,0.036030580256364714,-0.09646213333107198,0.06534644208432647,-0.3092818112124131,0.5057208958064562,-2.2734713860816678,2.063025760102046,0.9258596698595277,0.16275177137937902,0.38514267357055143,1.0765218824731617,-0.138166626503427,0.00478463231465462,-0.14903824235236787,-0.12851306617623898,-0.13395475030227635,0.005946865429097367,-0.14413572219591195,-0.12260126367826689,0.43563034886698426,0.24392288512484725,-0.03902793618631392,1.2836051885782114,-0.1484005296829384,0.004600814098335676,-0.15685641492624344,-0.13670406283843864,-0.016287047240358312,0.04005087247897821,-0.10917200813134693,0.08224686671944027,-0.11174029784316132,0.0029789400023197223,-0.11945241334616884,-0.10766318634242575,20,90,0,100,0
-0.33480936910803805,0.01564496241541686,-0.37701201254383393,-0.3087044493772719,-0.1752638698800965,0.05556295669310132,-0.31220265062128305,-0.0697768335132109,0.17322041442099934,0.029891633607820746,0.09118663778038255,0.2760810681740341,-0.5090804230830543,0.2931975357459825,-0.8190908269171597,-0.06495884824485265,-0.17733602098996748,0.08020579864582827,-0.9092477953006105,0.9031069040167934,0.22754849691925416,0.6926510180810945,-1.5320334473104522,3.1435448528989554,-0.19829190887924747,0.15822762585796998,-0.6428900410452036,1.0813497101153482,0.11434833525692394,0.24608874221506277,-2.0607297709868075,2.71323910064364,-0.26091727707865037,0.014979320367376862,-0.3101291675446329,-0.23685519343401326,-0.015952808692771596,0.03620289215630824,-0.0951333212676132,0.06357731375959925,-0.35417428046721156,0.5324978715013798,-2.3037960808704963,2.686108549204268,0.8703269927003862,0.14715184547896273,0.33496387012252055,1.032082240901688,-0.1383629176067797,0.0037053321913953,-0.14847362971175834,-0.13134079017233058,-0.1320012030689692,0.005620912248580116,-0.14070537035605032,-0.12123672935554423,0.24120166509961632,0.2808327514799645,-0.17643230475178134,1.3031965426803849,-0.14805277104453773,0.005427973423910966,-0.1565158693606057,-0.13738680517268934,-0.015994376757605157,0.04005912603967121,-0.11733302809109449,0.07270140980815826,-0.11047217645970904,0.003702546596638278,-0.11956789479350297,-0.10031397769505289,20,90,0,100,0
-0.3467992828984364,0.018235732846383013,-0.38664294395040666,-0.3061407429946312,-0.23079739985612638,0.05771578894084134,-0.34131735973030836,-0.09820352350821092,0.17034163056678667,0.027935474981959498,0.07826967298038111,0.29134504735215966,-0.5090804230830543,0.2931975357459825,-0.8190908269171597,-0.06495884824485265,-0.17361215840527772,0.07940165566079085,-0.9887382408709954,0.9081214968323524,0.21472723410298084,0.6566927298591562,-1.4605755674841348,3.3179753850510387,-0.21174812112052646,0.1597379857299513,-0.6019001508279451,1.0827496263250656,0.09129482747101504,0.24937690565885895,-2.1519637475734616,2.9691666916525925,-0.26091727707865037,0.014979320367376862,-0.3101291675446329,-0.23685519343401326,-0.034856703469313424,0.035584794744039,-0.11087298902670512,0.041346941106505206,-0.3475690690679054,0.5264786587202627,-2.4590661262888074,2.422545716766532,0.8685839439335579,0.17164112826379574,0.39961374090852886,1.033951379859195,-0.13506024865765284,0.0044470873753214325,-0.14451202723675358,-0.12406418180525607,-0.13123979446306672,0.006187393377302537,-0.14686121978283623,-0.11960830689235069,0.270632096279045,0.2832644537041576,-0.20742115664900707,1.1012391964028265,-0.14516269078767494,0.0057284119552122,-0.15572779168932627,-0.1349236345934884,-0.03289611508925957,0.03896017180740569,-0.11602057928783298,0.05221368127352773,-0.09933561966947227,0.0047205600653202565,-0.10918941561146718,-0.0895982307231417,20,90,0,100,0
-0.332013794881216,0.018586501853075837,-0.36628472388545685,-0.2889140251827053,-0.16119834749967504,0.05546552045349002,-0.2648977984476022,-0.031124526502567616,0.16255882613789838,0.029358671802177723,0.08033314124640016,0.2734070181772269,-0.5090804230830543,0.2931975357459825,-0.8190908269171597,-0.06495884824485265,-0.15124697980808366,0.08382807771545127,-0.9083719445404704,1.0515613044923517,0.2435924914228941,0.6754654773206419,-1.1851425481372422,3.100227887936291,-0.2094443068131517,0.16100391439523218,-0.5729788313213301,1.1266348233038346,0.1539748497271324,0.33596086781358525,-1.9198586543146212,3.531471566201149,-0.25961552583979186,0.026184878289468867,-0.3101291675446329,0.2785203043057174,-0.031699381637569524,0.035823575694173895,-0.11177955659166568,0.05674959838012208,-0.43307609570619743,0.5176137569461323,-2.9318873476205756,2.1704738616645565,0.8617372355882595,0.18198667341966823,0.2509460828293179,1.0938164476809271,-0.13008258311029655,0.004096498327224724,-0.14003688468799858,-0.12218132759362642,-0.1295795750889471,0.006011635164038984,-0.1409004896761413,-0.12095830733850485,0.07467364503639494,0.21441500763019797,-0.38056764759625894,0.6508218650900969,-0.1398908369729294,0.004065511624544744,-0.1554521519396388,-0.129923308603425,-0.031944693701536804,0.03996683726399254,-0.12661786551633064,0.06901862879658535,-0.10477671730749724,0.004990559881431013,-0.1122428618382468,-0.0969334866047578,20,90,0,100,0
-0.3451262594800143,0.017970092386966518,-0.3819123136427371,-0.3152328169128032,-0.18894191039418098,0.04835673676305231,-0.2970136162891918,-0.11088906358266336,0.1719851808301722,0.030700413868650227,0.09731242827358327,0.2919353578883005,-0.5090804230830543,0.2931975357459825,-0.8190908269171597,-0.06495884824485265,-0.18995786381280214,0.0821572593357962,-0.9747426151203272,1.0102531886449733,0.268842669627428,0.6450738731120583,-1.0398707785833439,2.906239048030056,-0.1973104459296542,0.17241537058157816,-0.5446695573415077,1.0533513859210597,0.09880448430554425,0.2564943861344225,-2.1571273684924823,2.748413982820228,-0.26091727707865037,0.014979320367376862,-0.3101291675446329,-0.23685519343401326,-0.02727163084582735,0.036148738400859075,-0.11012736978930698,0.05592443973348813,-0.3731763243926911,0.5078478093045834,-2.2653612932893066,2.1069088019851576,0.9268204539269227,0.1614790898917651,0.4166274129889248,1.2062827253777582,-0.13112664081263398,0.004983501397914315,-0.14194802079482885,-0.1220491350727303,-0.12805982219324202,0.005147925858668669,-0.13820007765254094,-0.11847999473902951,0.11924356931894643,0.2064151367407811,-0.3251152012781791,0.6039963997648417,-0.14220116864424207,0.004641488227008404,-0.1518397579502159,-0.13178787508291245,-0.028909126275521592,0.04010106021788283,-0.11652672454857814,0.06926201554577524,-0.10289332946993233,0.0037510676782685154,-0.1103411815380084,-0.09786129725074694,20,90,0,100,0
-0.3456329509047715,0.01718598878162758,-0.3787218375751084,-0.30461037379000905,-0.16519278577394106,0.05281717050759071,-0.27086226065961905,-0.044236304345996104,0.16176622111098565,0.028895617420164797,0.06128326273326175,0.24144186692495642,-0.3218460957890669,0.6849345022026698,-0.8190908269171597,0.8712127882250845,-0.18393125517898484,0.07420335221857317,-0.933564256649356,0.4791267626568213,0.28814677482645334,0.6735311142931425,-1.3801973372710932,3.6087455956058134,-0.21793904795940758,0.16584012951014607,-0.8811996457503487,0.6527788832029428,0.10196489575990693,0.16010207169618523,-1.1702910045632575,1.9246792553487648,-0.26091727707865037,0.014979320367376862,-0.3101291675446329,-0.23685519343401326,-0.037795116216305165,0.035889524736095794,-0.11572472082454181,0.0486497586303035,-0.3149991285692276,0.482045142684138,-1.888315490466285,2.564255174076202,0.8885311974802179,0.2178792759909304,0.2567439706299998,1.1456001170497216,-0.13039830875869338,0.004561401039691705,-0.13758571771909892,-0.12165442242414805,-0.12880038671287816,0.005414408188401839,-0.14375991643925723,-0.12152082093548078,0.19305632127004954,0.2482657512350664,-0.2533171638921884,0.8000124076807534,-0.13610059545939054,0.004974507158642451,-0.14398794320582323,-0.1256594908788722,-0.04041524289931646,0.03937821433432797,-0.1270347615213413,0.0531194970990636,-0.10110892884605632,0.003712429515252136,-0.11061186176499045,-0.09089378478217526,20,100,0,100,0
-0.3395953329246383,0.015088575093009678,-0.3795333613099386,-0.30502410196596025,-0.15356508917129627,0.050843264083528725,-0.274055598975313,-0.05125238426564525,0.16993191757974374,0.03033644802110985,0.09072196379901523,0.29138202066274677,-0.3218460957890669,0.6849345022026698,-0.8190908269171597,0.8712127882250845,-0.2204488610849198,0.08965745014264491,-1.056060745790553,0.42850739068280175,0.21407663202230662,0.6214529302336049,-1.2252813602017123,3.558544825621566,-0.1964148030934348,0.15658088158456396,-0.9306504666002031,0.6280676967721228,0.10201304346149051,0.178271054868495,-1.572115349930209,1.598810796529514,-0.26091727707865037,0.014979320367376862,-0.3101291675446329,-0.23685519343401326,-0.029650360772311042,0.036952787181787156,-0.11431165792377754,0.055404511718438125,-0.44203513532574706,0.4933920569861946,-2.0212003238263088,2.0341300557913073,0.9218510202559848,0.18507661428513472,0.2774058308733081,1.0933152062381781,-0.1343695166023698,0.004414862208666432,-0.14251488901609696,-0.12363865910927516,-0.1279885964527487,0.005147087563188167,-0.1382032633551003,-0.1194899231061709,0.053246147519699034,0.45124347997069614,-0.7314788304246763,1.3252716161793847,-0.1351266530450022,0.004857521119455419,-0.14389172979307696,-0.12679153429581339,-0.0326202979295852,0.04075589792833242,-0.12715889119527118,0.06482193080080044,-0.10070070377922069,0.005330513822072063,-0.11131073803965148,-0.09076539178305694,20,100,0,100,0
-0.3295631573361318,0.016014677914908276,-0.37389742978436546,-0.30692010125822433,-0.15286461432265153,0.0517216601285048,-0.2995368958572564,-0.06931854050904744,0.18383857490773872,0.031077358183911278,0.1072642734134403,0.2842619488562133,-0.02227639525123446,1.0827616075644657,-1.0464653858319026,1.384123343522244,-0.10631160917058505,0.11017095373766,-1.2653221812206845,0.9423378959899901,0.24780656739454576,0.7044883108684783,-1.285428153957779,3.234472668513048,-0.20791659988409347,0.1975769540615957,-1.0520606895970057,1.0501853298910608,0.0914407973672376,0.19869575023667663,-1.6459886116009386,0.9539266543404473,-0.26091727707865037,0.014979320367376862,-0.3101291675446329,-0.23685519343401326,-0.0100328408204519,0.03616356383252603,-0.08805949902608359,0.07642735928396743,-0.3908122164288976,0.47194542838758335,-2.5872020171712693,1.887780036401951,0.8273451821963703,0.3033261594940581,-0.2714731819765905,1.3532726354254614,-0.13645482198556316,0.007435723259259775,-0.1555669771237736,-0.12304763322696274,-0.13184965056820952,0.006327305457823904,-0.14169662628291343,-0.12179546850009858,0.27751285535703973,0.19401914472804818,-0.11228150466044011,0.6813255398157815,-0.14299975605049509,0.004738170635776302,-0.15280482967208775,-0.13326623530632203,-0.011515295007547709,0.04009592970951077,-0.09860019214501946,0.08048165085107975,-0.10754465313915823,0.003852475489851779,-0.1130375565763313,-0.09977843103213088,20,100,0,90,1
-0.34541946941356066,0.007942401996327684,-0.3575513167403728,-0.32327976449358187,-0.1876832230460897,0.027954773649971072,-0.2537674775754117,-0.12289030065920727,0.1579154806902377,0.029641554875813533,0.0844910228809416,0.2781802831178767,-0.02227639525123446,1.0827616075644657,-1.0464653858319026,1.384123343522244,-0.29038387642122954,0.10576893601577846,-1.1776124891259827,0.8824609338745096,0.23689299660812566,0.6786806328921299,-1.6033853654338197,3.349358504892978,-0.2171903395241254,0.19530445140461655,-1.0057712775516854,0.9968467132444787,0.09710716851812595,0.1704015545783615,-1.0828456761218954,1.9996847227551509,0.19850983912315076,1.4449070043140473,-0.3021289131574006,11.877928232781459,-0.030925040017450854,0.03614886233030383,-0.10728164277084369,0.05911358078612327,-0.27864243457671806,0.4410715775222404,-1.699182873305019,1.5185247985923853,1.0219632414164712,0.2856794316714978,-0.09182703162831374,1.4190905033289787,-0.13682914661461415,0.006884746377766086,-0.1555669771237736,-0.1241382545618713,-0.1308585776314474,0.005734135875022146,-0.14463087107236333,-0.12148969692118018,0.42673536361460435,0.3602548436884859,-0.051626898380181176,1.6087040499361935,-0.14860376460565453,0.004152645257914269,-0.1584898589071641,-0.13957951038294694,-0.033849373301381665,0.03996523923512531,-0.12210902069929283,0.07214784029987541,-0.10926667376499165,0.0019432378020050173,-0.1146411648761745,-0.10625858448855928,20,100,0,90,1
-0.34375707354833007,0.01233125443888052,-0.37433884386716276,-0.31854382277071513,-0.182930741652615,0.043569672783096994,-0.28825774330179976,-0.0912078782868636,0.17773183975929957,0.030424908656068023,0.09483525691154936,0.2751882460623532,-0.02227639525123446,1.0827616075644657,-1.0464653858319026,1.384123343522244,-0.2145689387797535,0.10819882668678903,-1.296502998398536,0.8654661320110729,0.24936863880197574,0.6789072578652515,-1.4776125530864759,3.5126366230194175,-0.2165772663863797,0.18567926306150093,-1.0402389635466582,0.9680645305070805,0.0965283141736483,0.161903951077979,-1.2601948973212775,1.2930057856143062,-0.10043945175138293,0.5694944436208351,-0.3101291675446329,4.6469074618412805,-0.016965214144044716,0.03651550882263591,-0.10241479051606675,0.07190557763801736,-0.31660417554941944,0.4895385675111088,-1.7733556163789854,2.0697796209105452,0.966394693102226,0.23184409499563904,0.19725872755282126,1.2701834121146383,-0.13947715291497337,0.00595894058552363,-0.15596816359769855,-0.1301967141901228,-0.13248729310590865,0.0061764241252449375,-0.14679434098830813,-0.12226933668074716,0.3683010082198562,0.23228287724125804,0.022842473772929268,1.0259699062177077,-0.14965271950950101,0.005342333595884311,-0.15745221904298706,-0.13754209723909586,-0.017159715018094265,0.04034193207657535,-0.10575692331149651,0.07901062922743286,-0.10999637638489144,0.001527844479776018,-0.11291398348232426,-0.10682238248386342,20,100,0,90,1
-0.32928295886077763,0.01469808620690976,-0.3589619993734767,-0.29055911955673547,-0.13912394967983868,0.045037601252519266,-0.2502179629247671,-0.03489373223149793,0.17660138353736848,0.030652380471687366,0.09969327445743582,0.2788129830909708,-0.02227639525123446,1.0827616075644657,-1.0464653858319026,1.384123343522244,-0.1881086879642055,0.10455685584082644,-1.1453672445195124,0.8438149022998989,0.21953105769622955,0.6331195475787401,-1.2258511870831401,2.245711166652435,-0.21828238841551112,0.18190721302996876,-0.9629569620315698,0.9542193316182146,0.10559476549128174,0.1956978441022638,-2.2293069739821103,1.9885933493022687,-0.26091727707865037,0.014979320367376862,-0.3101291675446329,-0.23685519343401326,-0.02242261877989694,0.036290469586971866,-0.10262619107778093,0.06137107551849383,-0.252294435810446,0.4656142690520723,-1.8834670724748905,1.8682943170699158,0.8822408288679529,0.2702585465641655,-0.10564596627048826,1.2617811311056784,-0.14080794615838724,0.005389533249733198,-0.15458655383095998,-0.12988656874652077,-0.13249005824599017,0.006518855094513937,-0.14902756443441487,-0.11901276600740544,0.4861745241717748,0.2648062376965548,0.040355841455968176,1.452082849178108,-0.14466291963842232,0.005665719420333132,-0.15493903510692333,-0.13152660770678481,-0.023586626802634934,0.04005263777178725,-0.11610504307068972,0.06896265829159194,-0.11062001703403043,0.002982434301937787,-0.11797210874498386,-0.1034047483664429,20,100,0,90,1
-0.3422981221942438,0.01158178236127028,-0.36773936282514097,-0.31625018987287,-0.2655606993795439,0.0470249032836747,-0.3599756929955813,-0.1684088959880231,0.18133627351163797,0.027679955534286996,0.10084804634904138,0.26021804930650083,0.04592538775718067,1.147522677561294,-1.0464653858319026,1.6281927413109392,0.09953744724843955,0.10333226560392954,-1.0227908836672526,0.7591986495592729,-1.6061548943459085,1.0667175305129075,-3.8062634436442453,3.6537189978090443,-0.6565819818439435,0.16537769498182814,-2.196514252572308,0.5318214793965572,-0.1443856998575205,0.34243502985471397,-0.5885555804384226,3.0615631861746198,-0.26091727707865037,0.014979320367376862,-0.3101291675446329,-0.23685519343401326,0.03614902469603884,0.03622257015001123,-0.06306060140632967,0.12080952058521847,-0.8488362596649488,0.4602722319605106,-2.9862837080395854,1.6623783091451854,-1.2434667260808114,0.27177225041537595,-1.5930034004210485,-0.3259547288991884,-0.17238125756961792,0.003697246490198325,-0.1796383107042665,-0.16448977171098636,-0.18478130231109496,0.004371292025874698,-0.19326337753545197,-0.17631758681516352,0.6202499859152634,0.2973976055361143,0.07835614190501161,1.5178691516154537,-0.18122874882508058,0.005418343254741351,-0.18877080974529714,-0.1684633755060898,0.03720343345432579,0.04048096546719496,-0.06252665343913381,0.1292255345632774,-0.127995271232032,0.0023715171251824717,-0.1316028605256214,-0.12090601877714156,20,100,2,90,0
-0.3106767951250609,0.013452321058741865,-0.3350048583203367,-0.2779605731008504,-0.20042492397110553,0.042080924333142325,-0.2895776974592049,-0.09125011073164739,0.17081769049857742,0.03163922931681864,0.07880258616759475,0.2863881929501383,-0.6307656531824266,0.3720075441373177,-1.0464653858319026,-0.06495884824485265,-0.10970666368499028,0.08914902274964412,-0.7635162058908097,0.8820979876843504,0.2501897208526881,0.6523103413979882,-1.0926908819218533,3.1051181345272227,-0.23685920260360627,0.15936366611993819,-0.5504555195397602,1.1466838428925912,0.07608989165202341,0.22691847946949764,-1.9181297746766364,4.571336333577755,-0.26091727707865037,0.014979320367376862,-0.3101291675446329,-0.23685519343401326,-0.06447675453364025,0.037306799733875386,-0.15148338739936573,0.035895545129821814,-0.36455775047768657,0.49046436669014737,-3.3442263428165315,2.3030968620996703,0.7772702349767587,0.2796028460498029,-0.39473172545162327,0.9882722130537684,-0.09494521639249456,0.004898876761079086,-0.10484404750921922,-0.08382275080783197,-0.09536547185036531,0.005981923352931288,-0.10590826114625167,-0.08600367638147385,0.03197754963348754,0.25060363320147205,-0.4804180177667274,0.566580772075987,-0.0970672403656016,0.0037939285555043363,-0.10592687280075617,-0.08909031707879092,-0.06813361096981413,0.040018154558287715,-0.1595385608383891,0.039140931369689956,-0.05984394038859069,0.003644630609700281,-0.06896596015752787,-0.05554607617544138,20,90,0,90,0
-0.31954831350071533,0.010771442790412237,-0.3473784678568944,-0.2979885994375985,-0.19676917105175457,0.035703741353361955,-0.2781082130307404,-0.11807930798045696,0.16381614243499668,0.029357575718505308,0.08848612926056158,0.2608065759427592,-0.4435313258884392,0.760604510066405,-1.0464653858319026,0.8712127882250845,-0.1564693264627117,0.09775594545056486,-1.1605076709534323,0.7767772475056509,0.24324857792103585,0.6745476425680033,-1.7395388111030787,3.1378192178910758,-0.23868201473178688,0.16300632590759112,-1.2305800881874134,0.7532385637450838,0.04407681018912241,0.1819108431857709,-1.4652619515482908,1.5782125315455888,-0.26091727707865037,0.014979320367376862,-0.3101291675446329,-0.23685519343401326,-0.07152377954309772,0.03631466965461373,-0.1488493457139319,0.01182354094920483,-0.39327598144619774,0.46973270704189507,-1.9483146540737435,1.3910464636452142,0.8186466006440953,0.2229258535035707,0.02158353543505437,1.1684224532283463,-0.09130830569861609,0.003142754004753838,-0.0954925568759017,-0.08390794046773148,-0.09200863381612952,0.004600919758069897,-0.10136798209967976,-0.08455848044202552,0.1059872360395849,0.36722700228900307,-0.9078453449983789,0.8858357992265421,-0.09519300675579823,0.003078685000480285,-0.10111807831094032,-0.08605030721395819,-0.07421638764553544,0.03879405665039974,-0.1608166385336595,0.015069571340660089,-0.058466169537557754,0.0016592613409304444,-0.061710672180216516,-0.055128715282655706,20,100,0,90,0
-0.32652070371747477,0.02340129662582919,-0.36508569150703774,-0.28456029203570726,-0.23821358577430735,0.07023988561077904,-0.35292813673341666,-0.10964764857214951,0.14969808988788655,0.029384354653345473,0.06963203926300904,0.2469436858924395,-0.4435313258884392,0.760604510066405,-1.0464653858319026,0.8712127882250845,-0.2461078569445702,0.10074524593317813,-1.3290211837825463,0.7696956216514643,0.24049525565191932,0.6448630907734362,-1.0642522932483374,2.9584983114113577,-0.2437509163424239,0.15185999894527005,-1.4772015769665452,0.7843400133831583,0.04603171893294722,0.14741353038553517,-1.3784824041085515,1.4213488212833816,-0.26091727707865037,0.014979320367376862,-0.3101291675446329,-0.23685519343401326,-0.09488534366675655,0.03666936341108905,-0.1764019480667421,-0.008444995425197634,-0.31966265362604485,0.48769810340095054,-1.8333723935264776,2.2330050408010087,0.9367899912130307,0.21282945444908707,0.22727917177547757,1.3233978585047155,-0.08473711281528024,0.004169334232065204,-0.09685887163950957,-0.07303949331345531,-0.08854824152251663,0.005154705400888537,-0.10028394260674264,-0.07894703079330911,0.20599801084571068,0.27822510375130555,-0.25130236834049885,0.8763921961000195,-0.09165845572722947,0.0056331095572308,-0.09928168978978233,-0.07906246799329408,-0.10055267885443836,0.03833880455950789,-0.19484382986556556,-0.011594350985236496,-0.05035912213206022,0.005295425556894761,-0.06072371579164716,-0.03897500498096124,20,100,0,90,0
-0.288581015169506,0.01853739151238934,-0.3285442013267798,-0.25785772634198006,-0.1632356127953288,0.06656974524547117,-0.28497615478185995,-0.05012205061665821,0.1583033004075628,0.030203230430453042,0.07126804865298923,0.276802985361886,-0.4435313258884392,0.760604510066405,-1.0464653858319026,0.8712127882250845,-0.28514425602519,0.10001835682723458,-1.0645120184186687,0.6882113635045812,0.25001624628231056,0.6709286605886755,-1.0751067543806292,3.4509781689383754,-0.2389856680915792,0.15810873511329968,-1.3333390418454045,0.8186457649010321,0.10159260302888028,0.2558160000828867,-0.6463928302869696,2.547484323656053,-0.26039035689253587,0.026315615033226127,-0.3101291675446329,0.886884502730016,-0.09170776609229646,0.037369737248322994,-0.1781831521146946,0.0013185928519708942,-0.39369068167129967,0.4656807670756777,-2.001772922112793,1.6928927663635511,0.9667549048666214,0.2191901245732511,0.10592668825108974,1.1758560288179536,-0.08231959292901089,0.005372220249204458,-0.09103279612082306,-0.071278741395219,-0.08627038807764263,0.005799721611901322,-0.09825386166303467,-0.07637556123972793,0.14510410674998464,0.2897186484971898,-0.5991304852396716,1.159545527416718,-0.08394360114944473,0.006343618150824994,-0.09759398204017379,-0.07469920067843236,-0.09741245144250531,0.03904175894058608,-0.19103820175521516,0.0025042496822747103,-0.053699752868480624,0.004035693765115458,-0.06012308398141545,-0.046655883284692716,20,100,0,90,0
1.150007963371808,0.07021315604241264,1.0263794129257027,1.2493007585937506,3.453299988468848,0.15729880337581365,3.2007006584917304,3.721532890686597,-0.21075967288034927,0.0324751371872412,-0.3030945570674204,-0.11845932520390659,0.35523218072828094,1.1970705349299076,-1.0464653858319026,1.3863809846431385,0.02164228597748834,0.13626904781513544,-0.8727035335435265,0.7653378626612791,0.26162349063675,0.6650756204393884,-1.2995631426979002,2.4454964499410927,-0.021556678578146162,0.16485673470167056,-0.8374866457154523,0.8274035590358799,0.241311785885548,0.17428711786305814,-1.139187917123854,2.0258286744655196,1.951988422900424,1.8540487116916313,-0.30108139527434713,10.014319598702329,0.24922396268684788,0.058701975586451106,0.0924985798925325,0.3800540925059481,-0.03451076388127493,0.49821207907052534,-1.8526282883048506,1.853073593241771,0.7493403070768889,0.23250820214706133,0.04826837474408322,1.0792649158554943,-0.2622330489611005,0.07258620791305063,-0.3817408965518756,-0.15287427137915557,-0.16763187811912256,0.04208315097296168,-0.2472689515767231,-0.10840563219059669,0.5546328610174988,0.32054628895533277,-0.0556284012187261,1.4347425213781262,-0.14416059909954593,0.023208431559687492,-0.18248679092209735,-0.09597108799421196,0.242917583604642,0.059641676990388054,0.08143990667358293,0.38086507887052445,-0.605195485626503,0.03955748930927627,-0.6639276950094866,-0.5295546732010116,100,100,0,90,1
1.3881137122990521,0.015263675876131241,1.3562548940693464,1.4294089132668888,2.963454561836549,0.08760242402144644,2.7716455270941935,3.1293890691722943,0.43037708405668573,0.038735492604454504,0.31513933794976434,0.5298766467911199,0.35523218072828094,1.1970705349299076,-1.0464653858319026,1.3863809846431385,0.6357579933362493,0.14177352391985515,-0.9985631629168209,1.3983319421962417,0.3084460203977803,0.7466745005128338,-1.1163567328199255,3.0794471544679194,0.5459170741999587,0.2191334093584268,-2.6437858622752395,1.1503596492104733,0.7508636803956656,0.22469797337201042,-0.9585230253248592,1.1441549270655305,1.0688616989496267,1.1030052973409912,-0.2654871463716556,7.089810766156123,0.9614398833075759,0.04737297105424744,0.8444140172714755,1.070815939505728,0.7786074039660947,0.5471284113680346,-1.0844112436892843,2.8202175163545093,0.43931251002997107,0.22247191998817784,-0.11964843526303764,1.0465893785984284,-0.8163863938868733,0.027993507224394896,-0.8562652598062471,-0.7590316900380535,-0.7353294557443929,0.026678886359067126,-0.7789815201121099,-0.695701684278107,-0.08618257098818718,0.27485446775431976,-0.45785688142444786,0.9423717269922806,-0.6703040655794573,0.02468268166169805,-0.713151020204231,-0.6321191802096936,0.9607904521949534,0.0482937881599467,0.8436642705540011,1.080965745847237,-0.9868868714900769,0.014307934827089083,-1.011172517446063,-0.9583180497933785,100,100,0,90,1
1.3063751725786388,0.02350143851833433,1.2663208448839922,1.3572796901749309,1.207761481255271,0.05760239845545987,1.1126100591093429,1.3388742324221248,1.1519358645671065,0.02824959376234148,1.0739319275580972,1.2563389280297999,0.35523218072828094,1.1970705349299076,-1.0464653858319026,1.3863809846431385,1.118593107979882,0.16424743852021226,-0.7941073467064009,1.9554820528747503,0.31522663945845625,0.6870570963339422,-1.4071050872218067,2.8994633484695616,1.1573169033906319,0.2564722245424064,-2.315314764602978,1.635792071532324,1.3982771569586558,0.37523509277240186,-1.0348281813542384,15.362053413891577,3.0948980430932145,0.7226731032638218,1.3294829420717365,7.370545119826397,1.397569310271141,0.03516767646805147,1.3287224793098544,1.4741079496095357,1.3253250779915549,0.5295324995896403,-0.9673453062559152,3.0538204239256257,0.30780867486840585,0.32441205867570017,-0.6266356861134129,1.109606486165629,-1.2523396390080797,0.004132690450283452,-1.2621316748365585,-1.2414610965112123,-1.2627394778658805,0.005421437558530769,-1.2740098314858916,-1.2535750458576145,-0.6478058744994453,0.2248449655240605,-1.034221913970708,-0.024303848538407644,-1.2477188655425524,0.0047352778004356695,-1.259373536392293,-1.2404076085463005,1.3991892730727387,0.03621801543341061,1.3177245796994912,1.4784214650384775,-1.258136886007614,0.004039682205786941,-1.2664313259490287,-1.2520051685262161,100,100,0,90,1
1.3083686811741149,0.022290432245311746,1.2660912654408285,1.3599913932981909,1.2135642193278564,0.05172988966443276,1.088852645200102,1.3149523977831161,1.1478138555771769,0.02836687716845144,1.0618646961031606,1.2381727957998137,0.35523218072828094,1.1970705349299076,-1.0464653858319026,1.3863809846431385,1.1208557644571073,0.16552543053263935,-0.8175220928950401,1.9327485275862915,0.31847631478718835,0.7093482208841387,-1.153246141300059,2.9537529042346558,1.1656476828351026,0.2559551107773375,-2.4675330781584277,1.7260749824804857,1.4155014428362034,0.2653144160026741,-1.1461950627614224,4.259011086334595,3.2124151966934895,0.7819991153864467,1.8178026839929626,7.798813117651271,1.3856406968025554,0.035300427722967535,1.3054391189620804,1.4666936953649352,1.2692418027511319,0.5209031788838546,-1.1443513872410553,2.8822768413931446,0.34788197905309687,0.2704893127891125,-0.5097680482450856,1.0456557918196574,-1.2531321714595112,0.0036700340222244458,-1.2616270307757225,-1.2444132907206098,-1.2608889163252892,0.00433803314096993,-1.2719410074023327,-1.2522415240777593,-0.6933126841380258,0.23141568483043187,-1.1071854415387492,-0.04828640060868347,-1.2462147510816104,0.005185727701934749,-1.2578215595364493,-1.2390145138279873,1.3872273741919798,0.03695964987808081,1.3038290103444914,1.475579771717476,-1.2576350857566743,0.0035837305729632682,-1.267023303127246,-1.2526778870345945,100,100,0,90,1
1.327757079800949,0.013154030232079525,1.2916161564527644,1.3528057325039522,1.2191853302057813,0.03642608177320315,1.1196872491126126,1.3072818888729454,1.158077016041655,0.02812693435948962,1.0828379864287638,1.2448617176053975,0.35523218072828094,1.1970705349299076,-1.0464653858319026,1.3863809846431385,1.1399605756317,0.1630240896265841,-0.8187115421818207,1.9219922507313576,0.2745403209547078,0.7282451138124522,-1.3678831871492487,2.17715229899759,1.1524466484866447,0.2543375323032086,-2.1470734706733094,1.7204968876239162,1.4181850803162075,0.24921175222687644,-0.547608759030107,4.176273426091259,4.800176414719114,0.5648686123303382,2.7627206097972246,7.540701610098364,1.3764673777912066,0.03458107522095106,1.2983380836936884,1.4539098191631676,1.2205257643473002,0.5356144266622326,-1.0229601224607852,3.247635974275091,0.30710778220110263,0.2689365595742119,-0.4294208326681391,1.022708646792611,-1.2492687379461345,0.0042793033830946054,-1.2581687135922013,-1.2393371348474234,-1.259474593908447,0.004326618202017114,-1.2669492615697802,-1.2517851597759193,-0.752989745601957,0.19025402800688948,-1.0799568012589922,-0.05869697177477834,-1.2438380350684144,0.0044279296743528415,-1.2567475186685222,-1.236016923397351,1.381194024654417,0.03651709534744352,1.2993929316328992,1.4616465434261403,-1.2554193703273941,0.0018552320953447781,-1.259119758456684,-1.2513759928781765,100,100,0,90,1
1.344139431974497,0.012145794843725091,1.2979635053184284,1.3635438806476181,1.2789048046093436,0.033516193944446486,1.2028911286193031,1.347432943395575,1.1557186142036624,0.027469573293092294,1.0762386506778188,1.2722119888915377,0.35523218072828094,1.1970705349299076,-1.0464653858319026,1.3863809846431385,1.0678161983533492,0.16249753212188664,-1.0085894631970278,1.8389450615147656,0.32239963508909225,0.7177585002428071,-1.5977210437186553,2.417617438068346,1.1314952897881394,0.24675451222968894,-2.3794066861000105,1.6176144933681345,1.3960766430131262,0.25435391581186906,-1.7785585658381962,2.157586837293952,3.5731665041220926,1.6752370705637825,0.9834295816551197,9.590896998372232,1.3366262796177717,0.033775221957464734,1.2615128443245363,1.4126786273102858,1.1920176477789857,0.5443284710538597,-1.3339145187527333,4.303278248387424,0.34229684324760434,0.33682499936338095,-0.6850881912665219,1.150684304431655,-1.2366892833235223,0.004482649894174835,-1.2458899405462338,-1.2265901319319297,-1.2430733523980315,0.003562194974036776,-1.2518353874771035,-1.2366547595438828,-0.7126971685365834,0.2553369152186446,-1.1764975476477402,-0.1695158932433332,-1.234172253713371,0.003990690792459853,-1.243619193797338,-1.2265698332704016,1.3378925583792656,0.03653067579762399,1.2591000949156157,1.415255968798608,-1.254473814210663,0.002042208154249139,-1.2573131095309251,-1.246413194929614,100,100,0,90,1
1.3357479212452839,0.01921610329194982,1.3028976236202225,1.382861014703945,1.2657150912146535,0.04873391297696771,1.1637324845056778,1.3792263270375917,1.2362016351627392,0.029432037210921004,1.165217350214853,1.3437683824075541,0.35523218072828094,1.1970705349299076,-1.0464653858319026,1.3863809846431385,1.2024823686812598,0.16362103840072767,-0.8003968153218638,2.1285300518165147,0.3449225079798822,0.7855221486085464,-1.4884967319312703,2.7600728732050404,1.1578888378441334,0.2518804725084964,-1.4535689165928467,1.7563572561605063,1.399345480573393,0.30007722067440495,-0.7696649190063929,10.565851244887916,1.876392020023359,1.620733778212374,-0.1780942103769467,9.243348686160667,1.3896828239183594,0.03514271889352396,1.3162273232648514,1.4680253600542763,1.2756807756528954,0.5589188398150791,-0.9028458642671564,3.4482049337011196,0.2660678158840155,0.28232221247562417,-0.459914053037698,1.0526576926604574,-1.247023298765235,0.004229194173240214,-1.2576046681980246,-1.2386196960427862,-1.255505045370327,0.005794117394176744,-1.27388962245767,-1.2449285172598021,-0.9176597775170389,0.2844585735830546,-1.4847292759513322,-0.07474036732418653,-1.242683602622084,0.0037550544586283643,-1.2522310053470322,-1.2367037814409096,1.388943335541528,0.03643924742043103,1.3088977142124973,1.469665835114541,-1.257275459494309,0.003700250950862357,-1.2652111706875442,-1.2513759928781765,100,100,0,90,1
1.3309994178872737,0.02261150058968469,1.299494470585442,1.3896042548316974,1.241196673220036,0.051422888196451286,1.1501704799262007,1.374948327813334,1.2158612827011213,0.028278789807108046,1.1404103907045418,1.309424894487143,0.35523218072828094,1.1970705349299076,-1.0464653858319026,1.3863809846431385,1.1109829540311038,0.167189887426978,-0.9687872913266405,1.9713029089175504,0.29400904036973724,0.7237691607332215,-1.2122829533377795,3.566124354305089,1.1650582119596644,0.2603767292880252,-1.9147402552465858,1.732000363539139,1.411615000367077,0.379361687787613,-0.936644556457602,12.524443137169587,3.3385201964189704,0.7931612112903463,1.9557466868565967,6.777016348051597,1.3708833038758172,0.03423684880996147,1.301012535986808,1.449863894121247,1.2236162474538783,0.5322912760117515,-1.515722022083526,2.886710648671119,0.35219199203258184,0.2542482534772577,-0.40328378663708264,1.0820656761918144,-1.2508293219817332,0.0040473256777605335,-1.2593440217220742,-1.2405664469609778,-1.2575471107749465,0.004074167278139863,-1.265899030095629,-1.2498001336166755,-0.956356319394224,0.2057516900269065,-1.2945160592938953,-0.27695448570190107,-1.2443234523302578,0.0040690516715974285,-1.253734215813914,-1.237611302313297,1.3718937506887245,0.0363463200406359,1.2947497401617198,1.445561497152959,-1.2567537303651954,0.004336318966937492,-1.2672975574464143,-1.2517468905175513,100,100,0,90,1
